{
  "custom.bsod": {
    "sounds": [
      {
        "name": "custom/bsod",
        "stream": true,
        "volume": 1.0,
        "pitch": 1.0
      }
    ]
  },
  "custom.randomsong": {
    "sounds": [
      {
        "name": "custom/randomsong",
        "stream": true,
        "volume": 1.0,
        "pitch": 1.0
      }
    ]
  },
  "custom.nullsad": {
    "sounds": [
      {
        "name": "custom/nullsad",
        "stream": true,
        "volume": 1.0,
        "pitch": 1.0
      }
    ]
  },
  "custom.randomjumpscare": {
    "sounds": [
      {
        "name": "custom/randomjumpscare",
        "stream": true,
        "volume": 1.0,
        "pitch": 1.0
      }
    ]
  },
  "custom.farawayjumpscarenew": {
    "sounds": [
      {
        "name": "custom/farawayjumpscarenew",
        "stream": true,
        "volume": 1.0,
        "pitch": 1.0
      }
    ]
  },
  "custom.falsecalm2": {
    "sounds": [
      {
        "name": "custom/falsecalm2",
        "stream": true,
        "volume": 1.0,
        "pitch": 1.0
      }
    ]
  },
  "custom.falsesubwooferlullaby": {
    "sounds": [
      {
        "name": "custom/falsesubwooferlullaby",
        "stream": true,
        "volume": 1.0,
        "pitch": 1.0
      }
    ]
  },
  "custom.youwillregretthat": {
    "sounds": [
      {
        "name": "custom/youwillregretthat",
        "stream": true,
        "volume": 1.0,
        "pitch": 1.0
      }
    ]
  },
  "custom.circuit_jumpscare": {
    "sounds": [
      {
        "name": "custom/circuit_jumpscare",
        "stream": true,
        "volume": 1.0,
        "pitch": 1.0
      }
    ]
  },
  "custom.circuitchase": {
    "sounds": [
      {
        "name": "custom/circuitchase",
        "stream": true,
        "volume": 1.0,
        "pitch": 1.0
      }
    ]
  },
  "custom.textmadness1": {
    "sounds": [
      {
        "name": "custom/textmadness1",
        "stream": true,
        "volume": 1.0,
        "pitch": 1.0
      }
    ]
  },
  "custom.nullishereloop": {
    "sounds": [
      {
        "name": "custom/nullishereloop",
        "stream": true,
        "volume": 1.0,
        "pitch": 1.0
      }
    ]
  }
}